id,customer_text,brand_text,auto_intent,auto_confidence,auto_decision,auto_reason,human_intent,human_decision,human_reason,notes
1,What happened to the @115888 iOS app? Literally unusable after this last update. Going to have to cancel my subscription. @129941 @115948 which one of y’all should I switch to?,@769817 Hey Joshua! We’re working on the iOS app as we speak. Stay tuned! /LO,playback_technical_issue,0.72,auto_handle,Standard playback technical issue inquiry with adequate grounding (strong).,playback_technical_issue,escalate,Customer threatens to cancel and asks for competitor recommendations,
2,"@SpotifyCares Didn't work 😓 I'll wait a few more days, but I might just cancel since I can't get it to work 💔 thanks again for helping!!","@483711 That's odd. Just to check, are you also experiencing this issue with other similar apps? /NS",playback_technical_issue,0.72,auto_handle,Standard playback technical issue inquiry with adequate grounding (strong).,playback_technical_issue,escalate,Mentions cancelling if unresolved — retention risk,
3,@SpotifyCares Its becoming inbearable. I cant listen to anything with headphones in. I am going to unsubscribe from premium if it continues,"@210396 We understand. Can you shoot us a DM of your account's username or email address, and the date when it last happened. We'll see what we can suggest /PK https://t.co/ldFdZRiNAt",playback_technical_issue,0.82,auto_handle,Standard playback technical issue inquiry with adequate grounding (moderate).,playback_technical_issue,escalate,Mentions cancelling if unresolved — retention risk,
4,@SpotifyCares is it correct the Spotify web player doesn't have a play queue feature? I've been a happy paying Spotify customer for about 10 years but now I have a Chromebook I may have to cancel. It also freezes all the time :'(,"@230511 Hey Natasha, sorry to hear that. We're afraid Play Queue isn't available on web player right now, but we'll let the right team know it's something you'd like to see. Can you confirm your Chrome OS and Google Chrome are up-to-date? /JE",playback_technical_issue,0.72,auto_handle,Standard playback technical issue inquiry with adequate grounding (strong).,playback_technical_issue,escalate,"10-year customer signals possible cancellation — high retention value, human should handle",
5,@115888 @115888 Cancel that! It’s happening across my entire computer. Must be a bigger problem.,"@661795 Hey Bob! If you need help from us, we'd be glad to lend a hand. Just let us know /JP",playback_technical_issue,0.72,auto_handle,Standard playback technical issue inquiry with adequate grounding (strong).,playback_technical_issue,escalate,"Message lacks context — unclear what ""that"" refers to, unclear scope of ""bigger problem,"" too ambiguous for a bot to safely respond",
6,@115888 so your app just decides to stop playing music... great! #refund,"@437800 Hey, that doesn't sound fun! Can you let us know more about what's happening? What device, OS, and Spotify version are you using? /MA",playback_technical_issue,0.78,auto_handle,Standard playback technical issue inquiry with adequate grounding (strong).,,,,
7,@115888 Had to downgrade V1.0.3 to work around problems importing mp3's and available songs not playing,"@403879 Hi Ann. Don't worry, help's here. Can you tell us exactly what's going on? We'll see what we can suggest /JU",playback_technical_issue,0.82,auto_handle,Standard playback technical issue inquiry with adequate grounding (strong).,,,,
8,@115888 how do I turn off the autolaunch? Every time I get in my car your app takes over! I don't pay to get frustrated!!! I will cancel my family subscription if this isn't resolved.,@671846 Hi! Driving Mode will auto launch once the app detects your car's Bluetooth connection. Can you try disabling this to see if it helps? /DR,playback_technical_issue,0.72,escalate,Message contains multiple exclamation or question marks indicating urgency/distress.,,,,
9,@SpotifyCares Im about to cancel your garbage app. Wont open &amp; when it does takes 4ever to load the song I want IF it even will play. Y$4it?,"@278994 Hi Jennifer. Don't worry, help's here. Can you tell us what device, operating system, and exact app version you're using? /JU",playback_technical_issue,0.85,auto_handle,Standard playback technical issue inquiry with adequate grounding (strong).,,,,
10,I'm going to have to cancel my @115888 subscription because its so messed up I cant listen to a single song without it activating Siri and skipping ahead and skipping mid song at the slightest physical movement of my iphone,"@760411 Hey Madison, help's here! What device/OS and Spotify version you're using? Meanwhile, have you tried using Spotify manually? We'll see what we can suggest /LD",playback_technical_issue,0.92,auto_handle,Standard playback technical issue inquiry with adequate grounding (strong).,,,,
11,@SpotifyCares I can reach the speakers through the Sonos app. It appears to be Spotify Connect that's now broken. How do I downgrade?,@289678 Hey David! What operating system are you using? Is your Sonos not showing up at all from the Connect picker? We'll help out /CM,playback_technical_issue,0.72,auto_handle,Standard playback technical issue inquiry with adequate grounding (strong).,,,,
12,@SpotifyCares Spotify keeps stopping and starting. Songs won’t play through the home screen. Can I have a refund for premium? #veryfrustrated !,"@294503 Hi Michael, help's arrived! We have some info we'd like to share with you via DM. Let's carry on chatting there /DV https://t.co/ldFdZRiNAt",playback_technical_issue,0.78,auto_handle,Standard playback technical issue inquiry with adequate grounding (strong).,,,,
13,@SpotifyCares I’m about to cancel my account if you cannot resolve this. I have done what you requested and it is still occurring.,"@151215 Sorry to hear that. Can let us know what's happening exactly? Also, could you send us the device, operating system, and Spotify version you're using? We'll see what we can suggest /RS",playback_technical_issue,0.72,auto_handle,Standard playback technical issue inquiry with adequate grounding (strong).,,,,
14,"@SpotifyCares I'm a premium user and after updating Spotify based on the program notification I get ""Cannot find 'API-MS-WIN-CORE-PROCESSTHREADS-L1-1-2.DLL'. I'm using Windows 7 64bit.","@248476 1: Hey there! Can you try right clicking your task bar &gt; Start Task Manager &gt; Processes, and then end any processes by Spotify. Afterwards, delete the Spotify folders found in C:\Users\USERNAME\AppData\Roaming and C:\Users\USERNAME\AppData\Local.",playback_technical_issue,0.92,auto_handle,Standard playback technical issue inquiry with adequate grounding (strong).,,,,
15,@SpotifyCares it will play about 2 songs and cut off wont let me press shuffle play again i swipe the app away get the same thing two songs then cuts off,"@330177 Hmm. What device, operating system, and app version are you using? We'll see what we can suggest /LP",playback_technical_issue,0.95,auto_handle,Standard playback technical issue inquiry with adequate grounding (strong).,,,,
16,"@SpotifyCares When you paste in the link of artists Spotify page and then press the ""add"" button nothing happens. https://t.co/z4Z1zPWa52",@315100 That's strange. Can you try it again using an incognito/private window? Let us know if that helps /QI,playback_technical_issue,0.75,auto_handle,Standard playback technical issue inquiry with adequate grounding (strong).,,,,
17,"@117153 No songs are available via desktop, updated program. You do such a good job of never resolving this perennial issue.","@405437 Hi Paul, help's here! Is this only happening while on Desktop? Also, can you send us a screenshot of what you're seeing on your end?  /TY",playback_technical_issue,0.82,auto_handle,Standard playback technical issue inquiry with adequate grounding (strong).,,,,
18,"@SpotifyCares I'm a premium user and after updating Spotify based on the program notification I get ""Cannot find 'API-MS-WIN-CORE-PROCESSTHREADS-L1-1-2.DLL'. I'm using Windows 7 64bit.","@248476 2: Once done, just download a new installer at https://t.co/cgbgyQ4C7a and reinstall the app. Let us know how it plays out /LM",playback_technical_issue,0.92,auto_handle,Standard playback technical issue inquiry with adequate grounding (strong).,,,,
19,"Having issues on my #iPhoneX with @115888. Playing Spotify if another app steals audio (say YouTube), go back to Spotify and press play.. track plays but no audio. Fix is to close app and re-open. Anyone else? #spotifyissues",@651833 Hey Chris! We've just sent a DM your way. Let's carry on chatting there /CP,playback_technical_issue,0.93,auto_handle,Standard playback technical issue inquiry with adequate grounding (strong).,,,,
20,"@SpotifyCares Also, if I press the button of the EarPods to play/pause, Apple Music native app starts playing. It looks like iOS doesn’t recognize Spotify",@433385 Thanks for confirming! Does reinstalling the app help with this? The exact steps can be found at https://t.co/EqisDMwZAT. Let us know 🙂 /M,playback_technical_issue,0.92,auto_handle,Standard playback technical issue inquiry with adequate grounding (strong).,,,,
21,".@115888 I would like to resolve an issue where every once in a while while I am listening, it stops playing, I press play, and the cycle just continues until I give up and try it again the next day, where then it works","@633721 Hey Omar! Could you let us know what device, operating system, and version of Spotify you're using? We'll see what we can suggest /JT",playback_technical_issue,0.92,auto_handle,Standard playback technical issue inquiry with adequate grounding (strong).,,,,
22,@SpotifyCares when i try to launch it says cannot find 'api-ms-win-core-processthreads-l1-1-2.ddl' please re-install this application. I re-installed and it still displays the error when i launch,"@263159 Hi, help's here! Can you let us know your desktop's operating system version? We'll see what we can suggest /DV",playback_technical_issue,0.92,auto_handle,Standard playback technical issue inquiry with adequate grounding (strong).,,,,
23,@115888 nope it’s just whenever i press the play button it doesn’t even do anything,"@524949 Got it! Can you let us know the device, OS, and Spotify version you're using? We'll see what we can suggest /RV",playback_technical_issue,0.94,auto_handle,Standard playback technical issue inquiry with adequate grounding (strong).,,,,
24,"@115888 #BugReport: Everytime I press back from 'About' to 'Overview' in Artist page, the page runs to bottom &amp; not to the top.","@574610 Hey! Can you let us know the device you're using, its operating system, and Spotify version? We'll see what we can suggest /NY",playback_technical_issue,0.85,auto_handle,Standard playback technical issue inquiry with adequate grounding (strong).,,,,
25,"@SpotifyCares Steps to reproduce:
1) Open Spotify in Windows on a multi-monitor computer
2) Ensure Spotify is maximized/full-screen
3) Play a song song (not necessary to trigger the bug, but you won't see a frozen timer otherwise)
4) Press WIN+SHIFT+RIGHT ARROW
5) Observe the Spotify window",@671908 Hmm. We'd like to check things backstage. Could you fire over your account's email address via DM? Just click on the link above /NY,playback_technical_issue,0.82,auto_handle,Standard playback technical issue inquiry with adequate grounding (moderate).,,,,
26,"@SpotifyCares Thanks! No error message, I just press PLAY but nothing happens. I've tried it on other artists as well and I get the same issue",@211169 Can you send over your device model/operating system and the Spotify version you're using? We'll see what we can suggest /ME,playback_technical_issue,0.94,auto_handle,Standard playback technical issue inquiry with adequate grounding (strong).,,,,
27,@115888 sharing no longer works on android.  press share and brings me back to Spotify home page.,"@501320 Hi there, help's here. Can you let us know the operating system and Spotify version you're using? Does logging out and back in help? /AC",playback_technical_issue,0.92,auto_handle,Standard playback technical issue inquiry with adequate grounding (strong).,,,,
28,"@115888 there's something wrong with the share button on Android. Everytime i press it, the app restarts",@126762 1: Hey Dana! Can you send us the make and model of your device? It'd help if you could also include the Android and Spotify...,playback_technical_issue,0.88,auto_handle,Standard playback technical issue inquiry with adequate grounding (strong).,,,,
29,@SpotifyCares press play - nothing happes. no error msg. mobile works well. desktop app always problems.,@406725 Alright. Does logging out &gt; restarting your desktop &gt; logging back in to your account make a difference? /DV,playback_technical_issue,0.92,auto_handle,Standard playback technical issue inquiry with adequate grounding (strong).,,,,
30,"@SpotifyCares Come on guys, fix your Windows 7 client! You are supposed to be Agile and Lean, companies even show videos of Spotify's development process as an example. This is really bad UX.  API-MS-WIN-CORE-PROCESSTHREADS-L1-1-2.DLL",@262533 Hey there! Help's here. Can you let us know the app version you're running? We'll see what we can suggest /PB,playback_technical_issue,0.82,auto_handle,Standard playback technical issue inquiry with adequate grounding (strong).,,,,
31,@115888 none of my playlists are working when I press shuffle. Wyd?,"@559782 Hey, that's not cool! Can you tell us what device, operating system, and Spotify version you're using? We'll see what we can suggest /CH",playback_technical_issue,0.92,auto_handle,Standard playback technical issue inquiry with adequate grounding (strong).,,,,
32,@SpotifyCares so my phone always plays songs in order no matter how many times I press shuffle if I select 'all songs' on Android. Is this a thing?,"@160199 Hey there! Can you let us know your device's make and model, Android and Spotify versions? We'll see what we can suggest /AP",playback_technical_issue,0.92,auto_handle,Standard playback technical issue inquiry with adequate grounding (strong).,,,,
33,"Having issues on my #iPhoneX with @115888. Playing Spotify if another app steals audio (say YouTube), go back to Spotify and press play.. track plays but no audio. Fix is to close app and re-open. Anyone else? #spotifyissues",@651833 Thanks for the info. Could you try reinstalling the app? Just follow the steps at https://t.co/grEcQYYFVS. Let us know how it goes /NS,playback_technical_issue,0.92,auto_handle,Standard playback technical issue inquiry with adequate grounding (strong).,,,,
34,"Hey @SpotifyCares I wanted to play some music and while I was listening to my computer accidentally shut off during an ad, so I turn it back on and I load up the web player and it is frozen on the ad and I can't listen to my music. Every time I press play on a song, it won't work","@704737 Hey Chris, help's here! Can you let us know your device and the operating system you're using? We'll see what we can suggest /GK",playback_technical_issue,0.92,auto_handle,Standard playback technical issue inquiry with adequate grounding (strong).,,,,
35,"Spotify not showing up in my control center, my volume in my control center wont turn up when i press the buttons wtf","@393345 Hey there! What device, iOS and Spotify versions is this happening on? We'll lend a hand /SY",playback_technical_issue,0.92,escalate,Detected strong frustration or profanity in message.,,,,
36,"@SpotifyCares Hey, I'm currently buying premium per month, but want the yearly subscription offer you're doing. Do I need to cancel my subscription then resubscribe to do this?","@249290 1: Hey Nicola! If you're subscribed to Premium through our website, and using a recurring payment method such as a debit/credit card, you just need to cancel it at https://t.co/NVUb1YzkVr. Afterwards, just head to https://t.co/dMXQKcSwQz to sign up for the annual...",billing_subscription,0.92,escalate,Billing and subscription changes involve financial transactions and require account-level human verification.,,,,
37,"@SpotifyCares if I am trying the 3 month trial, if I cancel will I still be able to use the 3 months?

I’ll probably subscribe but I often forget to unsubscribe and it comes back at the worst of times.","@327465 Hey there, yup! Canceling only stops your subscription from renewing, so you can still use your Premium features until the end of the period you paid for. Hope this helps. If you have any other questions, just give us a shout 🙂 /KC",billing_subscription,0.87,escalate,Billing and subscription changes involve financial transactions and require account-level human verification.,,,,
38,@SpotifyCares how to cancel Premium account to join Premium Family,"@251260 Hi Vicki, sorry for the delay! You can cancel your Premium for Family plan anytime. Just follow the steps at https://t.co/pApw1XiBDY. We'll be here if you have other questions 👍 /RR",billing_subscription,0.75,escalate,Billing and subscription changes involve financial transactions and require account-level human verification.,,,,
39,"@SpotifyCares Just for reference, I have tried both a Prepaid Visa AND a Mastercard, and yes I tried to cancel my Premium and re-join, but nothing works",@252491 Hey James! We've just sent a DM your way. Let's carry on chatting there /MT,billing_subscription,0.82,escalate,Billing and subscription changes involve financial transactions and require account-level human verification.,,,,
40,"@SpotifyCares I have an account for my younger sister, she forgot her login details to cancel her trial. After 4 days and numerous attempts we finally got bk in! If I cancel the account now, will premium continue to work until the last day, payed for?","@759538 Hey there! Yes, it will. Her account will revert to Free on her renewal date. Let us know if you have other questions 🙂 /MG",billing_subscription,0.75,escalate,Billing and subscription changes involve financial transactions and require account-level human verification.,,,,
41,@SpotifyCares I don't want to cancel. I just dont like having auto renew on,"@731114 We hear you! Month-to-month subscription plans aren't available at this time, but we'll be sure to pass this on to the right people. Let us know if you need anything else /JJ https://t.co/ldFdZRiNAt",billing_subscription,0.85,escalate,Billing and subscription changes involve financial transactions and require account-level human verification.,,,,
42,"My credit card info was stolen, and used on @115888 in September &amp; again in October, still no refund, no customer service number to call. If you use Spotify, beware if you ever have fraud, no one to talk to. I’ve never had a Spotify account.",@577558 2: make sure your full card number is not visible in the picture. The first six and last four number will do /RR https://t.co/ldFdZRiNAt,billing_subscription,0.72,escalate,Billing and subscription changes involve financial transactions and require account-level human verification.,,,,
43,@SpotifyCares hi I redeemed my account last week and now my premium service gets cancel please help me!!! https://t.co/d9HBmDsagV,"@741143 Hey Javier, that doesn't sound good! We've just replied to your DM. Let's continue chatting there /GT",billing_subscription,0.78,escalate,Billing and subscription changes involve financial transactions and require account-level human verification.,,,,
44,@115888 Can we unsubscribe then subscribe again? 😂 I am currently paying for a Family Plan. :/,"@803975 Hey, help's here! You can cancel your subscription at any time by heading to: https://t.co/Q1zNbUXR4q. When you're ready to resubscribe, you can go here: https://t.co/08kG2GBNp5. Stay awesome 😁 /JZ",billing_subscription,0.72,escalate,Billing and subscription changes involve financial transactions and require account-level human verification.,,,,
45,@SpotifyCares It never told me to cancel before my free trial ended and now im down 10 bucks rip,"@586773 Hey Leo, help's here! Could you shoot us a DM with your account's username and email address? We'll take a look backstage /VK https://t.co/ldFdZRiNAt",billing_subscription,0.85,escalate,Billing and subscription changes involve financial transactions and require account-level human verification.,,,,
46,"@SpotifyCares hello I tried to sign up for the student promotion, it didn't let go through cause sheerID didn't let me upload my docs , and I ended up getting charge 3 times, I want my money back please !",@124438 Hi! We've just sent you a DM. Let's carry on there /JE,billing_subscription,0.75,escalate,Billing and subscription changes involve financial transactions and require account-level human verification.,,,,
47,@115888 just got Spotify for 3 months if I cancel straight away will it end the premium immediately or just not renew? Thanks,@730872 Hi Dave! Can you send us your account's email address or username via DM? We'll take a look /GT https://t.co/ldFdZRiNAt,billing_subscription,0.85,escalate,Billing and subscription changes involve financial transactions and require account-level human verification.,,,,
48,Can I unsubscribe my current subscription to subscribe to that better promo? Loool @115888 https://t.co/udYNtlIxSs,@356135 Hi Vince! We're afraid the Intro Offer is available to those who haven't had Premium before. Hope this helped clear things up. Give us a shout if you have other questions 😉 /GT,billing_subscription,0.82,escalate,Billing and subscription changes involve financial transactions and require account-level human verification.,,,,
49,"Hi @SpotifyCares, I want to change the date that money leaves my account for premium, is this possible or do I have to cancel and renew again??","@275732 Hey Racha! We're afraid it's not possible to change your billing date. You would need to cancel your subscription, then resubscribe on the day you'd like to be charged. We hope this helps /JX",billing_subscription,0.92,escalate,Billing and subscription changes involve financial transactions and require account-level human verification.,,,,
50,@SpotifyCares i want to have a refund bcuz i have a debt of 400$ from yall and its only been a month,@342427 Hey Lauriane! We've just sent you a bit more info over DM. We'll carry on helping out there /DD,billing_subscription,0.75,escalate,Billing and subscription changes involve financial transactions and require account-level human verification.,,,,
51,@SpotifyCares like to change my billing date but due to be billed 2mro. Should I wait &amp; pay before I cancel? Want to change to 26th of month,@560026 Hi Elaine! You can change your billing date by following the steps here: https://t.co/lACZUXGpnB. Hope this helps /PL,billing_subscription,0.85,escalate,Billing and subscription changes involve financial transactions and require account-level human verification.,,,,
52,@117153 hey! was rejected in spotoify premium for students but i'm still charged. please give me a refund as i have not been granted  premium account.,@689954 Hey! We've just sent a DM your way. Let's carry on chatting there /NY,billing_subscription,0.85,escalate,Billing and subscription changes involve financial transactions and require account-level human verification.,,,,
53,@SpotifyCares i was charged for the student premium after just putting my payment information in. I turned out not be elligible so why did I still get charged? (The 9.99 was intentional) am I supposed to be issued a refund? Thanks https://t.co/1lxNIOLkOE,@717694 Hi Mélissa! We've just sent you a DM 🙂 /GS,billing_subscription,0.92,escalate,Billing and subscription changes involve financial transactions and require account-level human verification.,,,,
54,"@SpotifyCares Hello, my spotify account's reoccurring charge overdrafted my bank account. And I was hoping if you could refund the charge so I can get the refund from the overdraft charge. I get paid tomorrow and would reimburse my spotify account asap. Please :)","@511801 Hey there, help's here. Before anything else, can you fire over your account's email address or username in a DM? We'll take a look /LJ https://t.co/ldFdZRiNAt",billing_subscription,0.88,escalate,Billing and subscription changes involve financial transactions and require account-level human verification.,,,,
55,"@SpotifyCares didn't realise my student Spotify had ran out because it was deleted from my calender somehow, do I cancel my sub then redo?",@606748 Hi Lauren! Could you send us your account's username or email address via DM? We'll take a look under the hood /LP https://t.co/ldFdZRiNAt,billing_subscription,0.82,escalate,Billing and subscription changes involve financial transactions and require account-level human verification.,,,,
56,@SpotifyCares (2/2) please can you refund the payment just now and I will activate my new subscription?,"@432542 Hey! We've just sent you a DM, let's continue chatting there /DH",billing_subscription,0.78,escalate,Billing and subscription changes involve financial transactions and require account-level human verification.,,,,
57,@SpotifyCares how do I get a refund or how do I get Spotify for students if it says I have Spotify free but was charged 5 dollars,@326329 Hey! We've just sent a DM your way. Let's carry on chatting there /RV,billing_subscription,0.92,escalate,Billing and subscription changes involve financial transactions and require account-level human verification.,,,,
58,@SpotifyCares me and my wife have separate spotify accounts but we want to get the family plan. Do one of us have cancel an account and get invited to the family plan? what about the payment plan? do the single accounts automatically switch to the family account?,"@154261 Hey Robert! Not to worry, you'll both be able to keep your accounts, all you'll have to decide is who will be the owner. For more information on the Family plan, check this out: https://t.co/aFVsYApl0J. Hope this helps /JX",billing_subscription,0.92,escalate,Billing and subscription changes involve financial transactions and require account-level human verification.,,,,
59,@SpotifyCares My plan was switched out of student without me being notified so I've been paying double for months! any way i can get this money back? Thank youuu 😊 https://t.co/yWemt3civR,@270307 We've just sent a DM your way. Let's carry on chatting there 🙂 /CG,billing_subscription,0.85,escalate,Billing and subscription changes involve financial transactions and require account-level human verification.,,,,
60,@115888 i send you that spotify charge me again but you didnt reply.can you please refund my money asap.becuse i am very so sad to trust and do that again and you charge me twice per day.please stop doing this,@722256 Hey Zakaria! We've just sent you a bit more info over DM. Let's continue chatting there /CP,billing_subscription,0.82,escalate,Billing and subscription changes involve financial transactions and require account-level human verification.,,,,
61,@SpotifyCares I have heard from them and now they tell me it’s going to take 14 business days to get my refund. This is total bullshit!! U suck!,@381791 2: We recommend replying to the email the Support team sent you if you have any questions. They're here to help /K,cancellation_refund,0.92,escalate,Cancellations and refund requests involve monetary actions and require human agent processing.,,,,
62,@115888 cancel my account thanks .Very hard to contact you .,@524266 Hi there! Can you let us know your account's email address or username? We'll take a look backstage /NQ https://t.co/ldFdZRiNAt,cancellation_refund,0.92,escalate,Cancellations and refund requests involve monetary actions and require human agent processing.,,,,
63,@115888 we need @146300 to be on your app or I will be forced to cancel my subscription to you and go to @126654 and we don't want that right 💕😊...  So fix it please like now thx bye 💖,@226665 Hey Ricky. We'd love to have him on Spotify! Hopefully we will in the future. Check this out: https://t.co/GGCDZEXji9 /NS,cancellation_refund,0.82,escalate,Cancellations and refund requests involve monetary actions and require human agent processing.,,,,
64,@SpotifyCares how do i cancel 30 day free trial,"@137677 Hey! To cancel your subscription, head to https://t.co/xmAXUGNEqM. If you have other questions, just give us a shout /RA",cancellation_refund,0.92,escalate,Cancellations and refund requests involve monetary actions and require human agent processing.,,,,
65,"@SpotifyCares I want to cancel whatever I am paying 9.99 a month for. I have no account apparently, so I can't cancel it! Free thru Toyota for a month maybe? Stop billing me.",@665885 2: make sure that the image you're sending doesn't contain your full 16-digit payment card number. We'll take a look backstage. /RA https://t.co/ldFdZRiNAt,cancellation_refund,0.92,escalate,Cancellations and refund requests involve monetary actions and require human agent processing.,,,,
66,@SpotifyCares umm excuse me but I’m not gonna pay for something I didn’t get. Please transfer my money back https://t.co/HeFsSmzn6p,@215512 Hi! We've just sent a DM your way. Let's carry on chatting there /JN,cancellation_refund,0.85,escalate,Cancellations and refund requests involve monetary actions and require human agent processing.,,,,
67,"@115888 so sick and tired of waiting on a refund. Over 35 emails, their replies make no sense and they DON’T listen to my ways to solve it!",@381791 Hey Angela! It looks like our Email Support team have sent you a message. We'd recommend getting back to them for more help with this /C,cancellation_refund,0.82,escalate,Cancellations and refund requests involve monetary actions and require human agent processing.,,,,
68,"@SpotifyCares A limit on # of songs I merely ""save"" to intend to stream later? Despite paying for Premium? Bad response. Try again, with the word ""refund""","@127639 2: We’d also love to see your vote, and hear your feedback on this idea: https://t.co/8OOl8B2i69 /KB",cancellation_refund,0.85,escalate,Cancellations and refund requests involve monetary actions and require human agent processing.,,,,
69,@SpotifyCares trying to cancel my account is frustrating. Please help! Msg has already been sent. Thanks.,@254220 Hi there! Apologies for the delay. We've just sent you a bit more info over DM. We'll carry on helping out there /JS,cancellation_refund,0.92,escalate,Cancellations and refund requests involve monetary actions and require human agent processing.,,,,
70,@SpotifyCares I need to cancel my account but my email was hacked and i don't have access to it and I don't want to keep being charged.,@339707 Hi there! We’re sorry to hear that. Check out https://t.co/QHn3ok8y2n for what to do next. Let us know if we can help with anything else /GN,cancellation_refund,0.92,escalate,Cancellations and refund requests involve monetary actions and require human agent processing.,,,,
71,@SpotifyCares when you wake up I'm going to need a refund,@202312 We've just sent a DM your way. Let's carry on chatting there /CE,cancellation_refund,0.92,escalate,Cancellations and refund requests involve monetary actions and require human agent processing.,,,,
72,@SpotifyCares The only way is to use a twitter account in the hopes you respond. I can't even cancel this subscription because it's not my account!,@339231 Hey! We've sent a DM your way. We'll carry on helping you there /SJ,cancellation_refund,0.85,escalate,Cancellations and refund requests involve monetary actions and require human agent processing.,,,,
73,Spotify better get their shit together before I cancel my subscription and move over to Apple Music 😒,@434365 We've just sent you a DM 🙂 /PX,general_complaint_feedback,0.78,auto_handle,Standard general complaint feedback inquiry with adequate grounding (moderate).,,,,
74,@115888 Why should my listening activity automatically be public? It's ridiculous. Tell me why I shouldn't cancel premium?,"@211675 Hi there! We're sorry you feel that way. Don't worry, we'll make sure to pass your feedback onto the right team /DV",general_complaint_feedback,0.72,escalate,Customer expressed high dissatisfaction.,,,,
75,Today I tried to cancel my @115888 Premium and I didn't even last 2 hours before I re-joined...,@659250 Woohoo! That's awesome. We welcome you back... https://t.co/ivXragbn16 /MG https://t.co/ldFdZRiNAt,general_complaint_feedback,0.72,auto_handle,Standard general complaint feedback inquiry with adequate grounding (strong).,,,,
76,@115888 your Windows 10 Mobile app UI is s***. Especially coming from using Groove Music massive downgrade.,@276221 Hi Devon! Sorry to hear that you feel that way. Can you let us know what's happening exactly? We'll see what we can suggest /MU,general_complaint_feedback,0.85,auto_handle,Standard general complaint feedback inquiry with adequate grounding (strong).,,,,
77,"@SpotifyCares iP7, 11.0.3... Search/Category &gt; PLP UX is atrocious. Sub. $, so why fix it unless I cancel my acct.? No need to optimize funnel. Feels like Vista security prompts.","@723620 Sorry for the confusion. Just to clarify, can you tell us more about the feature you're referring to, and what we can do to improve it? /JM",general_complaint_feedback,0.72,auto_handle,Standard general complaint feedback inquiry with adequate grounding (strong).,,,,
78,@SpotifyCares Thanks for helping. I have received a refund in less time comsuming than I thought. Did satisfactorily wise actions.,@219169 Awesome! Let us know if you ever need us again. We'd be... https://t.co/LgAM6ky9Vv 🙂 /MU,general_complaint_feedback,0.85,auto_handle,Standard general complaint feedback inquiry with adequate grounding (strong).,,,,
79,@spotifyCares is awesome; took care of our issue and issued us a refund! #GoodCustomerService,"@472546 No worries, helping out is our… https://t.co/Pbx4rbMWM5 😉 /JX",general_complaint_feedback,0.92,auto_handle,Standard general complaint feedback inquiry with adequate grounding (strong).,,,,
80,Dammit! @115888 just RickRolled us! I may have to cancel my subscription for that…,@119789 Hey Eric! Can you let us know what's happening exactly? We'll see what we can do /NS,general_complaint_feedback,0.72,auto_handle,Standard general complaint feedback inquiry with adequate grounding (strong).,,,,
81,.@Spotifycares for fuck's sake stop emailing me every time anyone puts out a new song i use the goddamn app every day i'll figure it out myself. i've clicked unsubscribe for this bullshit 4 times now let me fuckin live,"@662722 Hi. We're sorry you feel that way. You can turn off email notifications for music at https://t.co/uznw2Ttx8I. Any questions, just shout /LM",general_complaint_feedback,0.85,escalate,Detected strong frustration or profanity in message.,,,,
82,Bullshit like this is enough to get me to cancel my Spotify subscription. This is ridiculous.,"@318536 Hi there, help's here! Could you let us know the devices you're using to sync your local files? We'll see what we can suggest /JO",general_complaint_feedback,0.72,escalate,Detected strong frustration or profanity in message.,,,,
83,"@SpotifyCares where is the ""if you ever recommend another edited song to me I'm gonna cancel my account"" button?",@602587 Hey! Spotify doesn’t censor music – we make it available in whatever form it’s given to us. More info here: https://t.co/8oSIltuHIG /MT,general_complaint_feedback,0.85,auto_handle,Standard general complaint feedback inquiry with adequate grounding (strong).,,,,
84,"okay not gonna lie @SpotifyCares I didn't actually see this coming, but thank you for the aquarium music. Also I will not cancel my Premium https://t.co/CFN46PiE4P",@534544 Sweet! Glad to hear you've decided to stay. Give us a shout if you need us again. Have a... https://t.co/fOHcTvQJC3 /MG,general_complaint_feedback,0.92,auto_handle,Standard general complaint feedback inquiry with adequate grounding (strong).,,,,
85,@SpotifyCares @115888 I love how you can cancel my account in seconds but can't help adjust my issues after hours.,@445447 We've just sent you a DM 🙂 /SU,general_complaint_feedback,0.82,auto_handle,Standard general complaint feedback inquiry with adequate grounding (strong).,,,,
86,"@SpotifyCares Hey, I just wanted to let you know that the issue I was reporting in this tweet seems to have been fixed. Great job guys 👍🏼","@388854 Awesome, that's what we like to hear! If you need us again, just... https://t.co/AUc7DGJpgF, and we'll come running /CP",general_complaint_feedback,0.92,auto_handle,Standard general complaint feedback inquiry with adequate grounding (strong).,,,,
87,@115888 Can you pass on some great respect to the geeks who built the Spotify Connect stuff; it works really well.  It's really neat that my S2 Gear can control my phone which then controls my desktop spotify...  As a developer I appreciate the technological challenges.. #geek,"@156319 Hey Gordon, thanks for your kind words! If only we could get that sort of automation in other parts of our lives... https://t.co/5ovi5csbVt",general_complaint_feedback,0.92,auto_handle,Standard general complaint feedback inquiry with adequate grounding (strong).,,,,
88,@115888 is doing a great job at deleting my downloaded music/podcasts each week! Straight killin' it.,@533553 Hey Taylor! Check out the steps under “Downloads unexpectedly removed” at https://t.co/38J7tFlIBF. They should help with this /CO,general_complaint_feedback,0.85,auto_handle,Standard general complaint feedback inquiry with adequate grounding (strong).,,,,
89,@SpotifyCares do you actually understand? doing customer support of twitter only makes ppl like you if they feel that they won’t be ignored. if you’re working on new functionality for press &amp; hold why take it out before you have the new functionality in there?,"@451289 Sorry you feel that way. We don't have any additional info to share about this right now, but rest assured we're passing on all comments about this to the right team /NQ",general_complaint_feedback,0.72,auto_handle,Standard general complaint feedback inquiry with adequate grounding (strong).,,,,
90,"I'm extremely upset about this &amp; will now be returning to Limewire. So great job, @115888. You turned me from the 'ethical' way after all",@476231 1: Hey! Sorry to hear you feel that way. There's currently a 10k limit in Your Music (Songs + Albums + Artists). More info...,general_complaint_feedback,0.75,auto_handle,Standard general complaint feedback inquiry with adequate grounding (strong).,,,,
91,"@SpotifyCares hey, moving to uk from canada, cancelling my b.a here and would like to know best way to keep my spotify before transfering payment to uk b.a? Or do i need to cancel my membership? Help!",@760223 Hi Jess! We've just sent you a bit more info over DM. We'll carry on helping out there /DD,account_login_access,0.72,auto_handle,Standard account login access inquiry with adequate grounding (moderate).,,,,
92,@115888 I’m paying for a premium account but cannot log in how can I cancel payments,@132788 We've just sent a DM your way. Let's carry on chatting there 🙂 /CG,account_login_access,0.72,auto_handle,Standard account login access inquiry with adequate grounding (strong).,,,,
93,@SpotifyCares I have no access to my email or Facebook I created an account with and I need to fix this. Cancel it and make a new one?,@196647 Hey! We've just sent a DM your way. Let's carry on chatting there /JU,account_login_access,0.92,auto_handle,Standard account login access inquiry with adequate grounding (strong).,,,,
94,@115888 My personal information is in danger and I need to cancel my account.  Please help.,@239115 Hey! We’re sorry to hear that. Check out https://t.co/iVpg60w61i for what to do next /RA,account_login_access,0.78,auto_handle,Standard account login access inquiry with adequate grounding (strong).,,,,
95,@115888 and I know it's not actually a wrong password because again it works on my desktop. About to cancel and go to Google music,@339681 2: everytime you try to log in? We'll figure out what's going on backstage /RR https://t.co/ldFdZR1cbT,account_login_access,0.78,auto_handle,Standard account login access inquiry with adequate grounding (strong).,,,,
96,"@SpotifyCares cancelled my facebook account which was linked to my spotify account; If I can no longer access it, how can I cancel my spotify account to create a new one?","@288460 Hey Carlos, help's arrived! Can you shoot us a DM with your account's username and email address? We'll check things out for you 🔍 /AV https://t.co/ldFdZRiNAt",account_login_access,0.85,auto_handle,Standard account login access inquiry with adequate grounding (strong).,,,,
97,@SpotifyCares I just joined Spotify and have had a ton of issues. Your website contact us is also broken. I need help or I'm about to cancel,"@586948 Hi Marina! Don't worry, we'll be happy to help you here. Can you tell us more about what's happening? We'll take a closer look /XF",account_login_access,0.62,auto_handle,Standard account login access inquiry with adequate grounding (strong).,,,,
98,@117153 Web bronzer log in circle or can'T find the page. I am not the only one https://t.co/G1TTmWoI5M  I will ask a refund,"@599556 Hey, that doesn't sound right. Can you try accessing the site using a private or incognito window? Let us know how everything goes /JE",account_login_access,0.72,auto_handle,Standard account login access inquiry with adequate grounding (strong).,,,,
99,"No matter how many times I change my Facebook and Spotify passwords, my @115888 account keeps getting hacked and I have no idea what else to do. I’ve had to cancel premium to avoid potential credit theft... I’m at a loss.",@686489 Hey Jessica! We’re sorry to hear that. Check out https://t.co/QHn3ok8y2n for what to do next /NS,account_login_access,0.85,auto_handle,Standard account login access inquiry with adequate grounding (strong).,,,,
100,@SpotifyCares help! My friends account was hacked and a new email was created. She can’t cancel her subscription and is being charged.,"@573179 Hey Thomas, we’re sorry to hear that. Check out https://t.co/QHn3ok8y2n for what to do next /AR",account_login_access,0.92,auto_handle,Standard account login access inquiry with adequate grounding (strong).,,,,
101,@SpotifyCares I cannot log into my account. Unfortunately the email address I signed up with is no longer a working email address. How Can I cancel my subscription?,@393492 Hi! We've just sent you a bit more info over DM. We'll carry on helping out there /TJ,account_login_access,0.85,auto_handle,Standard account login access inquiry with adequate grounding (strong).,,,,
102,"@115888 can you help, my 12 yr old signed up for free trial and can’t remember emails or password to cancel?",@643702 Hey! Can you send us any email addresses or usernames that may have been used to create the account via DM? We'll take a look backstage /RC https://t.co/ldFdZRiNAt,account_login_access,0.85,escalate,Retrieval grounding is weak or lacks relevant historical precedents; requires human assistance to avoid inaccurate resolution.,,,,
103,"@SpotifyCares Please cancel my account immediately. I am unable to do so because my account has been hacked on my (oem) android and the email and password have changed.

Dm has been sent with no reply yet.

Thanks.",@235204 Hey there! We've just sent you a DM /NS,account_login_access,0.92,escalate,Customer indicated high urgency.,,,,
104,"@SpotifyCares hey can someone please contact me, i am paying for priemum and not able to us it i want to cancel but i can't sign in eather email me at this email asap __email__",@664581 Hi Lynda! We've just sent a DM your way. Let's carry on chatting there /GS,account_login_access,0.75,escalate,Customer indicated high urgency.,,,,
105,@SpotifyCares Pls help. I cant log in so that i cant cancel my subscription. My email is __email__,"@376644 Hi, we've just replied to your DMs. We'll carry on chatting there /SY",account_login_access,0.85,auto_handle,Standard account login access inquiry with adequate grounding (strong).,,,,
106,"It is crazy how @115888 is absolutely clueless when it comes to protecting accounts. For the 3rd time, someone is accessing my premium account, I reset everything passwords, emails, etc. It is still going on. My only choice: cancel everything and go to @1122","@718650 Hey, sorry to hear this! We'd suggest checking out https://t.co/QHn3ok8y2n for what to do next /RH",account_login_access,0.87,auto_handle,Standard account login access inquiry with adequate grounding (strong).,,,,
107,"@SpotifyCares Hi, I can't login on android. App keeps telling me the device is offline. When I press""connect"", nothing happens. Please help",@191231 Hi there! Help's here. Can you try restarting your device to see if it makes a difference? Keep us posted /MU,account_login_access,0.75,auto_handle,Standard account login access inquiry with adequate grounding (strong).,,,,
108,"@115888  i Hawe Techincal problems with  login  on app 4G network fine  - press  connect via Facebook - countinued and  showing black screen and nothing happens...

Any Solutions  or tehnical problems  your side.
 Phone works fine.All workings only this problem.","@688875 Hi there! Can you let us know the device you're using, its operating system, and Spotify version? We'll see what we can suggest /NY",account_login_access,0.85,auto_handle,Standard account login access inquiry with adequate grounding (strong).,,,,
109,"@SpotifyCares @SpotifyCares no error messages, it just literally won’t even let me press the log in button or the sign up for a new account button either!",@668991 That's strange. Does restarting your app and your device help? /CH,account_login_access,0.92,auto_handle,Standard account login access inquiry with adequate grounding (strong).,,,,
110,@115888 your api with Facebook is not working. You still have my old email address while I changed it month ago within Facebook. How can I change my email ?,@643701 Hey! Can you fire over your account's email address or username via DM? We'll take a look backstage /RC https://t.co/ldFdZRiNAt,account_login_access,0.92,escalate,Retrieval grounding is weak or lacks relevant historical precedents; requires human assistance to avoid inaccurate resolution.,,,,
111,@SpotifyCares I can’t login. When I press the login button it just doesn’t do anything. - iOS App,@399662 Hi there! Help's here. Can you try restarting your device to see if it makes a difference? Keep us posted /MU,account_login_access,0.92,auto_handle,Standard account login access inquiry with adequate grounding (strong).,,,,
112,@SpotifyCares It works now however when I tried again (the working time) it pushed several empty “Log In” titled pages and I had to press “Back” several times to get to the two buttons again so I could press Log In again and then it worked.,"@196732 Hmm. Let's try to refresh your app. Can you log out, restart your device, and then log back in? Let us know how it goes /LO",account_login_access,0.85,auto_handle,Standard account login access inquiry with adequate grounding (strong).,,,,
113,"@115888 Screen says ""create account"" or ""log in"". I press log in. Screen never progresses and just loads forever. Have tried on multiple days, and have uninstalled and reinstalled. Have tried in safari, same problem. Please reimburse my membership and help me to log in.",@644408 Hi Hennessy! We just dropped you a DM. Let's carry on chatting there /CP,account_login_access,0.92,escalate,Retrieval grounding is weak or lacks relevant historical precedents; requires human assistance to avoid inaccurate resolution.,,,,
114,"@SpotifyCares Hello , I just invited someone to my family account and they keep getting an error 600",@378058 We've just sent you a bit more info over DM. We'll carry on helping out there /GS,account_login_access,0.78,auto_handle,Standard account login access inquiry with adequate grounding (strong).,,,,
115,i get kicked from my spotify family members after a week please help @SpotifyCares,@541168 Hey there! Can you send us your username and the Family plan owner's email address? We'll take a look backstage /LO,account_login_access,0.72,auto_handle,Standard account login access inquiry with adequate grounding (strong).,,,,
116,@SpotifyCares if I cancel my premium account will I still have all of my playlists? Will renew in a month,@506400 2: More info here: https://t.co/MInQRSMgzZ. Hope this clears things up /RC,feature_content_question,0.75,auto_handle,Standard feature content question inquiry with adequate grounding (strong).,,,,
117,"""The song is already in your playlist.""

""Add anyways""
""Skip duplicate""

Instinctively clicked the left button to cancel, but here, cancel was the primary button. I feel like that's not quite right? @115888 @89432 https://t.co/t4NKPcYF00","@662780 Hi there! Can you let us know your device's make/model, operating system, and Spotify version? We'll take a closer look /GT",feature_content_question,0.72,auto_handle,Standard feature content question inquiry with adequate grounding (strong).,,,,
118,"@115888 this new version of app on mobile is terrible, I cannot find my podcasts more, can I downgrade?","@814721 Hey there, that doesn't sound right. Can you tell us what device you're using? Also, does logging out of your account, restarting your device, and logging back in help at all? Let us know how that goes /TF",feature_content_question,0.72,escalate,Customer expressed high dissatisfaction.,,,,
119,@115888 How do I cancel share via Messages? No X button? No cancel? https://t.co/3u24BKau0G,"@516975 Hi there! Can you tell us what device, operating system, and Spotify version you're using? We'll see what we can suggest /NH",feature_content_question,0.72,auto_handle,Standard feature content question inquiry with adequate grounding (strong).,,,,
120,Hey @115888 - major downgrade in quality of music on #NewMusicFriday. What about segmenting by genre/style? So much cool stuff overlooked..,"@544053 Thanks for the feedback! Our Curation team are independent &amp; use taste, data, research, and trends, but we’ll pass on your suggestion /TB",feature_content_question,0.72,auto_handle,Standard feature content question inquiry with adequate grounding (strong).,,,,
121,"@SpotifyCares I'll be moving from USA to New Zealand next month, do I need to cancel my sub and get an NZ one, or will mine transfer?",@530178 Hey! We've just sent a DM your way. Let's carry on chatting there /AN,feature_content_question,0.82,escalate,Retrieval grounding is weak or lacks relevant historical precedents; requires human assistance to avoid inaccurate resolution.,,,,
122,@SpotifyCares if you cancel your subscription can you still listen to your downloaded playlists?,"@703177 Hey there! While your playlists will remain safely with us, offline tracks are a Premium feature. Hope that helps /NQ",feature_content_question,0.92,auto_handle,Standard feature content question inquiry with adequate grounding (strong).,,,,
123,@115888 where tf is Super Slimey I’m boutta cancel my subscription I swear,@676394 Hey there! Is this what you're looking for: https://t.co/RqYePOitw0? /NS,feature_content_question,0.72,auto_handle,Standard feature content question inquiry with adequate grounding (strong).,,,,
124,Is @115888 ever planning to release an app for LG webOS TVs or should I cancel my premium and go elsewhere?,"@372504 Hi! As we look to improve the overall Spotify experience, we are removing the app from LG TVs. More info here: https://t.co/D2p6hgpCoW /AU",feature_content_question,0.72,auto_handle,Standard feature content question inquiry with adequate grounding (strong).,,,,
125,it’s so annoying that i can’t hold down a song on spotify to hear a preview i want my mf money back😤😤😤,@446269 Hey there! We have more info about this here: https://t.co/pXBCq8GlsI. Give us a shout if you have any questions 🙂 /GN,feature_content_question,0.72,auto_handle,Standard feature content question inquiry with adequate grounding (strong).,,,,
126,@SpotifyCares Are you guys going to update the Spotify App on the iPhone X to fit the screen? I’m a premium user and right now it looks terrible on my X screen.. I’d hate to cancel my premium sub. And go to Apple Music because it looks way better. #WhatsTheDeal,"@637774 Hey Jomar. We're afraid we don't have any info to share right now. Hopefully it'll be updated soon! Any other questions, let us know /DR",feature_content_question,0.72,escalate,Customer expressed high dissatisfaction.,,,,
127,@115888 where is your Apple Watch app. I really don't want to cancel and subscribe to Apple Music but need offline playlists on the watch.,@285879 1: Hey there! We don't have the app for the Apple Watch yet. Check out the official idea and add your vote to...,feature_content_question,0.82,auto_handle,Standard feature content question inquiry with adequate grounding (strong).,,,,
128,"@SpotifyCares are you working on an apple watch app, and what is your estimated release date? Might cancel subscription for apple music",@346335 Hey! Check out the official idea and add your vote to let our devs know it's something you'd like to see: https://t.co/SEK4E4gi22 /GU,feature_content_question,0.72,auto_handle,Standard feature content question inquiry with adequate grounding (strong).,,,,
129,"@115888 
Hey There,
If you pay for Spotify can you cancel at anytime?","@562227 Hey! No worries, you can cancel anytime by heading to https://t.co/Q1zNbUXR4q. Let us know if you need a hand, we'd be happy to help /NQ",feature_content_question,0.72,auto_handle,Standard feature content question inquiry with adequate grounding (strong).,,,,
130,@SpotifyCares any plans to change Spotify Family to make it possible to share with family members I don't live with? I don't want to unsubscribe but the policy is bonkers.,"@253025 Hey! Currently, all members of a Premium for Family plan must reside at the same address. Rest assured, your feedback will be passed on to the right folks /NQ",feature_content_question,0.72,auto_handle,Standard feature content question inquiry with adequate grounding (strong).,,,,
131,@SpotifyCares if I cancel my premium account will I still have all of my playlists? Will renew in a month,"@506400 1: Hey! No worries, all of your music will be safe and sound. You won't lose your playlists even when your account is on the Free service.",feature_content_question,0.72,auto_handle,Standard feature content question inquiry with adequate grounding (strong).,,,,
132,"It bothers me that @115888 doesn't have a button that will stop the automatically renewal of your subscription. I don't want to cancel and end now but I want it to not renew at the next billing cycle, you know.",@686683 2: email address or username? We'll take a look backstage /LO,feature_content_question,0.72,auto_handle,Standard feature content question inquiry with adequate grounding (strong).,,,,
133,@115888 where is your Apple Watch app. I really don't want to cancel and subscribe to Apple Music but need offline playlists on the watch.,@285879 2: let our devs know it's something you'd like to see: https://t.co/SEK4E4gi22 /CP,feature_content_question,0.78,auto_handle,Standard feature content question inquiry with adequate grounding (strong).,,,,
134,@115888 wish you would make it so you could cancel free trials in the app!!,@817385 We've just sent a DM your way. Let's carry on chatting there 🙂 /CG,feature_content_question,0.72,auto_handle,Standard feature content question inquiry with adequate grounding (moderate).,,,,
135,hey @115888 1. bring back hard press to preview 2. can we search for artists by city? 3. no i will not post this on ur message boards,"@553607 3: it there so you can get support from other fans to help make it happen: https://t.co/WgY7GXI7jf. Any questions, just give us a shout /GN",feature_content_question,0.72,auto_handle,Standard feature content question inquiry with adequate grounding (strong).,,,,
136,"@115888 Hey, guys, some intern must have typed the name wrong or something... But the song’s title is actually “Fantastic BABY”, not BOY. 

Xoxo https://t.co/cbnEfCgVz1",@133315 Hey! The cavalry's here. Can you send us the Song Link? Just tap the three dots &gt; Share &gt; Copy Link. We'll look under the hood /PK,feature_content_question,0.75,auto_handle,Standard feature content question inquiry with adequate grounding (strong).,,,,
137,@SpotifyCares Long press feature: touch preview! Give us back the touch preview! https://t.co/uUWYKpXGmJ,"@312607 We hear you, Tom! Your feedback has been noted and passed onto the team /TB",feature_content_question,0.78,auto_handle,Standard feature content question inquiry with adequate grounding (strong).,,,,
138,@SpotifyCares The IKON merch under the K-pop group's is from https://t.co/K18ymh9y8Z No songs are directly listed on Spotify from the linked artist.,"@357827 We'd like to check this out from our end. If you could fire over the link to that track, that'd be great /NS",feature_content_question,0.75,auto_handle,Standard feature content question inquiry with adequate grounding (strong).,,,,
139,@SpotifyCares Why there is no more pre-hearing option on songs. Thing you could press the dots and hear a clip of that song?,@516624 Hey! We have more info about this here: https://t.co/pXBCq8GlsI. Give us a shout if you have any questions /RE,feature_content_question,0.85,auto_handle,Standard feature content question inquiry with adequate grounding (strong).,,,,
140,"@115888 love this week's recommended music playlist, any buttons I can press on the app to ensure more of the same style next week?","@423773 2: In the meantime, just keep listening to your favorite artists. You’ll mainly hear tunes you already love /RB",feature_content_question,0.82,auto_handle,Standard feature content question inquiry with adequate grounding (strong).,,,,
141,@SpotifyCares It’s ok working now able to cancel thanks,@557209 Great! Glad to hear it's working now. Just give us a shout if you need help with anything else. We're just a tweet away /LM,other_uncategorized,0.75,escalate,Intent could not be categorized into known support workflows; routing to human agent.,,,,
142,"If  @115888  would contact me before I cancel their account, that'd be great.","@367915 Hey Blair! Don’t worry, we can help. What’s happening exactly? Can you let us know the device/OS you’re using? /TB",other_uncategorized,0.85,escalate,Intent could not be categorized into known support workflows; routing to human agent.,,,,
143,I heard @115888 wants to cancel videos?? Please don't! Traffic Jams was dope! And I really want to see the @62966 one @473199,"@128214 Hey Peter! We don't have any info on this right now, but we'll be sure to announce any news at https://t.co/8zO4WCXX7C /MS",other_uncategorized,0.88,escalate,Intent could not be categorized into known support workflows; routing to human agent.,,,,
144,"@SpotifyCares Yes. It was one of the involuntary ones that you have the option of cancelling, but I didn’t cancel it.",@240996 That's strange. We'll get this passed on to our devs so they can look into it. Give us a shout if you need anything else /KB,other_uncategorized,0.72,escalate,Intent could not be categorized into known support workflows; routing to human agent.,,,,
145,@SpotifyCares i sent a dm regarding my premium refund thing for family - thanks,@661142 We've just replied to your DM. Let's carry on chatting out there /MU,other_uncategorized,0.72,escalate,Intent could not be categorized into known support workflows; routing to human agent.,,,,
146,I don’t like how spaced out “cancel” is in the Spotify app @115888 please fix thanks love you https://t.co/lPZussuFi1,"@307169 Hey Sam! Thanks for the feedback - we'll pass it on. If there's anything else, just let us know /AP",other_uncategorized,0.85,escalate,Intent could not be categorized into known support workflows; routing to human agent.,,,,
147,@117168 @SpotifyCares please help me get a job at your NY office. Thanks!,"@373796 Hey there! For more information about jobs, head here: https://t.co/c1Z94oBFOl. Hope that helps /DF",other_uncategorized,0.98,escalate,Intent could not be categorized into known support workflows; routing to human agent.,,,,
148,FYI the Danish marketing intern forgot to replace [price] with the actual price 😂 @115888 https://t.co/mX6GaqqyGl,@776040 Hmm. Could you let us know the date when that ad was posted? /GT,other_uncategorized,0.92,escalate,Intent could not be categorized into known support workflows; routing to human agent.,,,,
149,FYI the Danish marketing intern forgot to replace [price] with the actual price 😂 @115888 https://t.co/mX6GaqqyGl,"@776040 Hi Michael, thanks for reaching out! Can you let us know which country you're in? Also, a link to that website will be very helpful. We'll take a closer look /GT",other_uncategorized,0.92,escalate,Intent could not be categorized into known support workflows; routing to human agent.,,,,
150,@117153 Is your API really slow today? Or have you changed something since Friday? OAuth callbacks are timing out. Trying to debug...,"@513755 Hey! This sounds like something for @405274. They should be able to help, don't worry 🙂 /L",other_uncategorized,0.92,escalate,Intent could not be categorized into known support workflows; routing to human agent.,,,,
